{"loss": [1.3753440380096436, 0.4581809639930725, 0.26693016290664673, 0.1909215748310089, 0.1358502060174942], "accuracy": [0.5952485799789429, 0.8546980619430542, 0.9138487577438354, 0.9378476142883301, 0.95516037940979], "val_loss": [0.5685437917709351, 0.2772385776042938, 0.19717152416706085, 0.15379774570465088, 0.20286677777767181], "val_accuracy": [0.823298454284668, 0.910141110420227, 0.9362053275108337, 0.9500910639762878, 0.9367744326591492]}